,lot_index,img_index,weight
0,0,0,570.0
1,0,1,570.0
2,0,2,570.0
3,0,3,570.0
4,0,4,570.0
5,0,5,570.0
6,0,6,570.0
7,0,7,570.0
8,0,8,570.0
9,0,9,570.0
10,0,10,570.0
11,0,11,570.0
12,0,12,570.0
13,0,13,570.0
14,0,14,570.0
15,0,15,570.0
16,0,16,570.0
17,0,17,570.0
18,0,18,570.0
19,0,19,570.0
20,0,20,570.0
21,0,21,570.0
22,0,22,570.0
23,0,23,570.0
24,0,24,570.0
25,0,25,570.0
26,0,26,570.0
27,0,27,570.0
28,0,28,570.0
29,0,29,570.0
30,0,30,570.0
31,0,31,570.0
32,0,32,570.0
33,0,33,570.0
34,0,34,570.0
35,0,35,570.0
36,0,36,570.0
37,0,37,570.0
38,0,38,570.0
39,0,39,570.0
40,0,40,570.0
41,0,41,570.0
42,0,42,570.0
43,0,43,570.0
44,0,44,570.0
45,0,45,570.0
46,0,46,570.0
47,0,47,570.0
48,0,48,570.0
49,0,49,570.0
50,0,50,570.0
51,0,51,570.0
52,0,52,570.0
53,0,53,570.0
54,0,54,570.0
55,0,55,570.0
56,0,56,570.0
57,0,57,570.0
58,0,58,570.0
59,0,59,570.0
60,0,60,570.0
61,0,61,570.0
62,0,62,570.0
63,0,63,570.0
64,0,64,570.0
65,0,65,570.0
66,0,66,570.0
67,0,67,570.0
68,0,68,570.0
69,0,69,570.0
70,1,70,560.0
71,1,71,560.0
72,1,72,560.0
73,1,73,560.0
74,1,74,560.0
75,1,75,560.0
76,1,76,560.0
77,1,77,560.0
78,1,78,560.0
79,1,79,560.0
80,1,80,560.0
81,1,81,560.0
82,1,82,560.0
83,1,83,560.0
84,1,84,560.0
85,1,85,560.0
86,1,86,560.0
87,1,87,560.0
88,1,88,560.0
89,1,89,560.0
90,1,90,560.0
91,1,91,560.0
92,1,92,560.0
93,1,93,560.0
94,1,94,560.0
95,1,95,560.0
96,1,96,560.0
97,1,97,560.0
98,1,98,560.0
99,1,99,560.0
100,1,100,560.0
101,1,101,560.0
102,1,102,560.0
103,1,103,560.0
104,1,104,560.0
105,1,105,560.0
106,1,106,560.0
107,1,107,560.0
108,1,108,560.0
109,1,109,560.0
110,1,110,560.0
111,1,111,560.0
112,1,112,560.0
113,1,113,560.0
114,1,114,560.0
115,1,115,560.0
116,1,116,560.0
117,1,117,560.0
118,1,118,560.0
119,2,119,510.0
120,2,120,510.0
121,2,121,510.0
122,2,122,510.0
123,2,123,510.0
124,2,124,510.0
125,2,125,510.0
126,2,126,510.0
127,2,127,510.0
128,2,128,510.0
129,2,129,510.0
130,2,130,510.0
131,2,131,510.0
132,2,132,510.0
133,2,133,510.0
134,2,134,510.0
135,2,135,510.0
136,2,136,510.0
137,2,137,510.0
138,2,138,510.0
139,2,139,510.0
140,2,140,510.0
141,2,141,510.0
142,2,142,510.0
143,2,143,510.0
144,2,144,510.0
145,2,145,510.0
146,2,146,510.0
147,2,147,510.0
148,2,148,510.0
149,2,149,510.0
150,2,150,510.0
151,2,151,510.0
152,2,152,510.0
153,2,153,510.0
154,2,154,510.0
155,2,155,510.0
156,2,156,510.0
157,2,157,510.0
158,2,158,510.0
159,2,159,510.0
160,2,160,510.0
161,2,161,510.0
162,2,162,510.0
163,2,163,510.0
164,2,164,510.0
165,2,165,510.0
166,2,166,510.0
167,2,167,510.0
168,2,168,510.0
169,2,169,510.0
170,2,170,510.0
171,2,171,510.0
172,2,172,510.0
173,2,173,510.0
174,2,174,510.0
175,2,175,510.0
176,2,176,510.0
177,2,177,510.0
178,2,178,510.0
179,2,179,510.0
180,2,180,510.0
181,2,181,510.0
182,3,182,590.0
183,3,183,590.0
184,3,184,590.0
185,3,185,590.0
186,3,186,590.0
187,3,187,590.0
188,3,188,590.0
189,3,189,590.0
190,3,190,590.0
191,3,191,590.0
192,3,192,590.0
193,3,193,590.0
194,3,194,590.0
195,3,195,590.0
196,3,196,590.0
197,3,197,590.0
198,3,198,590.0
199,3,199,590.0
200,3,200,590.0
201,3,201,590.0
202,3,202,590.0
203,3,203,590.0
204,3,204,590.0
205,3,205,590.0
206,3,206,590.0
207,3,207,590.0
208,4,208,510.0
209,4,209,510.0
210,4,210,510.0
211,4,211,510.0
212,4,212,510.0
213,4,213,510.0
214,4,214,510.0
215,4,215,510.0
216,4,216,510.0
217,4,217,510.0
218,4,218,510.0
219,4,219,510.0
220,4,220,510.0
221,4,221,510.0
222,4,222,510.0
223,4,223,510.0
224,4,224,510.0
225,4,225,510.0
226,4,226,510.0
227,4,227,510.0
228,4,228,510.0
229,4,229,510.0
230,4,230,510.0
231,4,231,510.0
232,4,232,510.0
233,4,233,510.0
234,4,234,510.0
235,4,235,510.0
236,4,236,510.0
237,4,237,510.0
238,4,238,510.0
239,4,239,510.0
240,4,240,510.0
241,4,241,510.0
242,4,242,510.0
243,4,243,510.0
244,4,244,510.0
245,4,245,510.0
246,4,246,510.0
247,4,247,510.0
248,4,248,510.0
249,4,249,510.0
250,4,250,510.0
251,4,251,510.0
252,4,252,510.0
253,4,253,510.0
254,4,254,510.0
255,4,255,510.0
256,4,256,510.0
257,4,257,510.0
258,4,258,510.0
259,4,259,510.0
260,4,260,510.0
261,4,261,510.0
262,4,262,510.0
263,4,263,510.0
264,4,264,510.0
265,4,265,510.0
266,4,266,510.0
267,4,267,510.0
268,4,268,510.0
269,4,269,510.0
270,4,270,510.0
271,4,271,510.0
272,4,272,510.0
273,4,273,510.0
274,4,274,510.0
275,4,275,510.0
276,4,276,510.0
277,4,277,510.0
278,4,278,510.0
279,4,279,510.0
280,4,280,510.0
281,4,281,510.0
282,4,282,510.0
283,4,283,510.0
284,4,284,510.0
285,4,285,510.0
286,4,286,510.0
287,4,287,510.0
288,4,288,510.0
289,4,289,510.0
290,4,290,510.0
291,4,291,510.0
292,4,292,510.0
293,4,293,510.0
294,4,294,510.0
295,4,295,510.0
296,4,296,510.0
297,4,297,510.0
298,4,298,510.0
299,4,299,510.0
300,4,300,510.0
301,4,301,510.0
302,4,302,510.0
303,5,303,540.0
304,5,304,540.0
305,5,305,540.0
306,5,306,540.0
307,5,307,540.0
308,5,308,540.0
309,5,309,540.0
310,5,310,540.0
311,5,311,540.0
312,5,312,540.0
313,5,313,540.0
314,5,314,540.0
315,5,315,540.0
316,5,316,540.0
317,5,317,540.0
318,5,318,540.0
319,5,319,540.0
320,5,320,540.0
321,5,321,540.0
322,5,322,540.0
323,5,323,540.0
324,5,324,540.0
325,5,325,540.0
326,5,326,540.0
327,5,327,540.0
328,5,328,540.0
329,5,329,540.0
330,5,330,540.0
331,5,331,540.0
332,5,332,540.0
333,6,333,520.0
334,6,334,520.0
335,6,335,520.0
336,6,336,520.0
337,6,337,520.0
338,6,338,520.0
339,6,339,520.0
340,6,340,520.0
341,6,341,520.0
342,6,342,520.0
343,6,343,520.0
344,6,344,520.0
345,6,345,520.0
346,6,346,520.0
347,6,347,520.0
348,6,348,520.0
349,6,349,520.0
350,6,350,520.0
351,6,351,520.0
352,6,352,520.0
353,6,353,520.0
354,6,354,520.0
355,6,355,520.0
356,6,356,520.0
357,6,357,520.0
358,6,358,520.0
359,6,359,520.0
360,6,360,520.0
361,6,361,520.0
362,6,362,520.0
363,6,363,520.0
364,6,364,520.0
365,6,365,520.0
366,6,366,520.0
367,6,367,520.0
368,6,368,520.0
369,6,369,520.0
370,6,370,520.0
371,6,371,520.0
372,6,372,520.0
373,6,373,520.0
374,6,374,520.0
375,6,375,520.0
376,6,376,520.0
377,6,377,520.0
378,6,378,520.0
379,6,379,520.0
380,6,380,520.0
381,6,381,520.0
382,6,382,520.0
383,6,383,520.0
384,6,384,520.0
385,6,385,520.0
386,6,386,520.0
387,8,387,520.0
388,8,388,520.0
389,8,389,520.0
390,8,390,520.0
391,8,391,520.0
392,8,392,520.0
393,8,393,520.0
394,8,394,520.0
395,8,395,520.0
396,8,396,520.0
397,8,397,520.0
398,8,398,520.0
399,8,399,520.0
400,8,400,520.0
401,8,401,520.0
402,8,402,520.0
403,8,403,520.0
404,8,404,520.0
405,8,405,520.0
406,8,406,520.0
407,8,407,520.0
408,9,408,560.0
409,9,409,560.0
410,9,410,560.0
411,9,411,560.0
412,9,412,560.0
413,9,413,560.0
414,9,414,560.0
415,9,415,560.0
416,9,416,560.0
417,9,417,560.0
418,9,418,560.0
419,9,419,560.0
420,9,420,560.0
421,9,421,560.0
422,9,422,560.0
423,9,423,560.0
424,9,424,560.0
425,9,425,560.0
426,9,426,560.0
427,9,427,560.0
428,9,428,560.0
429,9,429,560.0
430,9,430,560.0
431,9,431,560.0
432,9,432,560.0
433,9,433,560.0
434,9,434,560.0
435,9,435,560.0
436,9,436,560.0
437,9,437,560.0
438,9,438,560.0
439,9,439,560.0
440,9,440,560.0
441,9,441,560.0
442,9,442,560.0
443,9,443,560.0
444,9,444,560.0
445,9,445,560.0
446,9,446,560.0
447,9,447,560.0
448,9,448,560.0
449,9,449,560.0
450,9,450,560.0
451,9,451,560.0
452,9,452,560.0
453,9,453,560.0
454,9,454,560.0
455,9,455,560.0
456,9,456,560.0
457,9,457,560.0
458,9,458,560.0
459,9,459,560.0
460,9,460,560.0
461,9,461,560.0
462,9,462,560.0
463,9,463,560.0
464,9,464,560.0
465,9,465,560.0
466,9,466,560.0
467,9,467,560.0
468,9,468,560.0
469,9,469,560.0
470,9,470,560.0
471,9,471,560.0
472,9,472,560.0
473,9,473,560.0
474,9,474,560.0
475,9,475,560.0
476,9,476,560.0
477,9,477,560.0
478,9,478,560.0
479,9,479,560.0
480,9,480,560.0
481,9,481,560.0
482,9,482,560.0
483,9,483,560.0
484,9,484,560.0
485,9,485,560.0
486,9,486,560.0
487,9,487,560.0
488,9,488,560.0
489,9,489,560.0
490,9,490,560.0
491,9,491,560.0
492,9,492,560.0
493,9,493,560.0
494,9,494,560.0
495,9,495,560.0
496,9,496,560.0
497,10,497,730.0
498,10,498,730.0
499,10,499,730.0
500,10,500,730.0
501,10,501,730.0
502,10,502,730.0
503,10,503,730.0
504,10,504,730.0
505,10,505,730.0
506,10,506,730.0
507,10,507,730.0
508,10,508,730.0
509,10,509,730.0
510,10,510,730.0
511,10,511,730.0
512,10,512,730.0
513,10,513,730.0
514,10,514,730.0
515,10,515,730.0
516,10,516,730.0
517,10,517,730.0
518,10,518,730.0
519,10,519,730.0
520,10,520,730.0
521,10,521,730.0
522,10,522,730.0
523,10,523,730.0
524,10,524,730.0
525,10,525,730.0
526,10,526,730.0
527,10,527,730.0
528,10,528,730.0
529,10,529,730.0
530,10,530,730.0
531,10,531,730.0
532,10,532,730.0
533,10,533,730.0
534,10,534,730.0
535,10,535,730.0
536,10,536,730.0
537,10,537,730.0
538,10,538,730.0
539,10,539,730.0
540,10,540,730.0
541,10,541,730.0
542,10,542,730.0
543,10,543,730.0
544,10,544,730.0
545,10,545,730.0
546,10,546,730.0
547,10,547,730.0
548,10,548,730.0
549,10,549,730.0
550,10,550,730.0
551,10,551,730.0
552,10,552,730.0
553,10,553,730.0
554,11,554,660.0
555,11,555,660.0
556,11,556,660.0
557,11,557,660.0
558,11,558,660.0
559,11,559,660.0
560,11,560,660.0
561,11,561,660.0
562,11,562,660.0
563,11,563,660.0
564,11,564,660.0
565,11,565,660.0
566,11,566,660.0
567,11,567,660.0
568,11,568,660.0
569,11,569,660.0
570,11,570,660.0
571,11,571,660.0
572,11,572,660.0
573,11,573,660.0
574,11,574,660.0
575,11,575,660.0
576,11,576,660.0
577,11,577,660.0
578,11,578,660.0
579,11,579,660.0
580,11,580,660.0
581,11,581,660.0
582,11,582,660.0
583,11,583,660.0
584,11,584,660.0
585,11,585,660.0
586,11,586,660.0
587,11,587,660.0
588,11,588,660.0
589,11,589,660.0
590,11,590,660.0
591,11,591,660.0
592,11,592,660.0
593,11,593,660.0
594,11,594,660.0
595,11,595,660.0
596,11,596,660.0
597,11,597,660.0
598,11,598,660.0
599,11,599,660.0
600,11,600,660.0
601,11,601,660.0
602,11,602,660.0
603,11,603,660.0
604,11,604,660.0
605,12,605,600.0
606,12,606,600.0
607,12,607,600.0
608,12,608,600.0
609,12,609,600.0
610,12,610,600.0
611,12,611,600.0
612,12,612,600.0
613,12,613,600.0
614,12,614,600.0
615,12,615,600.0
616,12,616,600.0
617,12,617,600.0
618,12,618,600.0
619,12,619,600.0
620,12,620,600.0
621,12,621,600.0
622,12,622,600.0
623,12,623,600.0
624,12,624,600.0
625,12,625,600.0
626,12,626,600.0
627,12,627,600.0
628,12,628,600.0
629,12,629,600.0
630,12,630,600.0
631,12,631,600.0
632,12,632,600.0
633,12,633,600.0
634,12,634,600.0
635,12,635,600.0
636,12,636,600.0
637,12,637,600.0
638,12,638,600.0
639,12,639,600.0
640,12,640,600.0
641,12,641,600.0
642,12,642,600.0
643,12,643,600.0
644,12,644,600.0
645,12,645,600.0
646,12,646,600.0
647,12,647,600.0
648,12,648,600.0
649,12,649,600.0
650,12,650,600.0
651,12,651,600.0
652,12,652,600.0
653,12,653,600.0
654,12,654,600.0
655,12,655,600.0
656,12,656,600.0
657,12,657,600.0
658,14,658,550.0
659,14,659,550.0
660,14,660,550.0
661,14,661,550.0
662,14,662,550.0
663,14,663,550.0
664,14,664,550.0
665,14,665,550.0
666,14,666,550.0
667,14,667,550.0
668,14,668,550.0
669,14,669,550.0
670,14,670,550.0
671,14,671,550.0
672,14,672,550.0
673,14,673,550.0
674,14,674,550.0
675,14,675,550.0
676,14,676,550.0
677,14,677,550.0
678,14,678,550.0
679,14,679,550.0
680,14,680,550.0
681,14,681,550.0
682,14,682,550.0
683,14,683,550.0
684,14,684,550.0
685,14,685,550.0
686,14,686,550.0
687,14,687,550.0
688,14,688,550.0
689,14,689,550.0
690,14,690,550.0
691,14,691,550.0
692,14,692,550.0
693,14,693,550.0
694,14,694,550.0
695,14,695,550.0
696,14,696,550.0
697,14,697,550.0
698,14,698,550.0
699,14,699,550.0
700,14,700,550.0
701,14,701,550.0
702,14,702,550.0
703,14,703,550.0
704,14,704,550.0
705,14,705,550.0
706,14,706,550.0
707,14,707,550.0
708,14,708,550.0
709,14,709,550.0
710,14,710,550.0
711,14,711,550.0
712,14,712,550.0
713,14,713,550.0
714,14,714,550.0
715,14,715,550.0
716,14,716,550.0
717,14,717,550.0
718,14,718,550.0
719,14,719,550.0
720,14,720,550.0
721,14,721,550.0
722,14,722,550.0
723,14,723,550.0
724,14,724,550.0
725,14,725,550.0
726,14,726,550.0
727,14,727,550.0
728,14,728,550.0
729,14,729,550.0
730,14,730,550.0
731,14,731,550.0
732,14,732,550.0
733,14,733,550.0
734,14,734,550.0
735,14,735,550.0
736,14,736,550.0
737,14,737,550.0
738,14,738,550.0
739,14,739,550.0
740,14,740,550.0
741,14,741,550.0
742,14,742,550.0
743,14,743,550.0
744,14,744,550.0
745,14,745,550.0
746,14,746,550.0
747,14,747,550.0
748,14,748,550.0
749,14,749,550.0
750,14,750,550.0
751,14,751,550.0
752,14,752,550.0
753,14,753,550.0
754,14,754,550.0
755,14,755,550.0
756,14,756,550.0
757,14,757,550.0
758,14,758,550.0
759,14,759,550.0
760,14,760,550.0
761,14,761,550.0
762,14,762,550.0
763,14,763,550.0
764,14,764,550.0
765,14,765,550.0
766,14,766,550.0
767,14,767,550.0
768,14,768,550.0
769,14,769,550.0
770,14,770,550.0
771,14,771,550.0
772,14,772,550.0
773,14,773,550.0
774,14,774,550.0
775,14,775,550.0
776,14,776,550.0
777,14,777,550.0
778,14,778,550.0
779,14,779,550.0
780,14,780,550.0
781,14,781,550.0
782,14,782,550.0
783,14,783,550.0
784,14,784,550.0
785,14,785,550.0
786,14,786,550.0
787,14,787,550.0
788,14,788,550.0
789,14,789,550.0
790,14,790,550.0
791,14,791,550.0
792,14,792,550.0
793,14,793,550.0
794,14,794,550.0
795,14,795,550.0
796,14,796,550.0
797,14,797,550.0
798,14,798,550.0
799,14,799,550.0
800,14,800,550.0
801,14,801,550.0
802,16,802,630.0
803,16,803,630.0
804,16,804,630.0
805,16,805,630.0
806,16,806,630.0
807,16,807,630.0
808,16,808,630.0
809,17,809,660.0
810,19,810,450.0
811,19,811,450.0
812,19,812,450.0
813,19,813,450.0
814,19,814,450.0
815,19,815,450.0
816,19,816,450.0
817,19,817,450.0
818,19,818,450.0
819,19,819,450.0
820,19,820,450.0
821,19,821,450.0
822,19,822,450.0
823,19,823,450.0
824,19,824,450.0
825,19,825,450.0
826,19,826,450.0
827,19,827,450.0
828,19,828,450.0
829,19,829,450.0
830,19,830,450.0
831,19,831,450.0
832,19,832,450.0
833,19,833,450.0
834,19,834,450.0
835,19,835,450.0
836,19,836,450.0
837,19,837,450.0
838,19,838,450.0
839,19,839,450.0
840,19,840,450.0
841,19,841,450.0
842,19,842,450.0
843,19,843,450.0
844,19,844,450.0
845,19,845,450.0
846,19,846,450.0
847,19,847,450.0
848,19,848,450.0
849,19,849,450.0
850,19,850,450.0
851,19,851,450.0
852,19,852,450.0
853,19,853,450.0
854,19,854,450.0
855,19,855,450.0
856,19,856,450.0
857,19,857,450.0
858,19,858,450.0
859,19,859,450.0
860,19,860,450.0
861,19,861,450.0
862,19,862,450.0
863,19,863,450.0
864,19,864,450.0
865,19,865,450.0
866,19,866,450.0
867,19,867,450.0
868,19,868,450.0
869,19,869,450.0
870,19,870,450.0
871,19,871,450.0
872,19,872,450.0
873,19,873,450.0
874,19,874,450.0
875,19,875,450.0
876,19,876,450.0
877,19,877,450.0
878,19,878,450.0
879,19,879,450.0
880,19,880,450.0
881,19,881,450.0
882,19,882,450.0
883,19,883,450.0
884,19,884,450.0
885,19,885,450.0
886,19,886,450.0
887,19,887,450.0
888,19,888,450.0
889,19,889,450.0
890,19,890,450.0
891,19,891,450.0
892,19,892,450.0
893,19,893,450.0
894,19,894,450.0
895,19,895,450.0
896,19,896,450.0
897,19,897,450.0
898,19,898,450.0
899,19,899,450.0
900,19,900,450.0
901,19,901,450.0
902,19,902,450.0
903,19,903,450.0
904,19,904,450.0
905,19,905,450.0
906,19,906,450.0
907,19,907,450.0
908,19,908,450.0
909,20,909,440.0
910,20,910,440.0
911,20,911,440.0
912,20,912,440.0
913,20,913,440.0
914,20,914,440.0
915,20,915,440.0
916,20,916,440.0
917,20,917,440.0
918,20,918,440.0
919,20,919,440.0
920,20,920,440.0
921,20,921,440.0
922,20,922,440.0
923,20,923,440.0
924,20,924,440.0
925,20,925,440.0
926,20,926,440.0
927,20,927,440.0
928,20,928,440.0
929,20,929,440.0
930,20,930,440.0
931,20,931,440.0
932,20,932,440.0
933,20,933,440.0
934,20,934,440.0
935,20,935,440.0
936,20,936,440.0
937,20,937,440.0
938,20,938,440.0
939,20,939,440.0
940,20,940,440.0
941,20,941,440.0
942,20,942,440.0
943,20,943,440.0
944,20,944,440.0
945,20,945,440.0
946,20,946,440.0
947,20,947,440.0
948,20,948,440.0
949,20,949,440.0
950,20,950,440.0
951,20,951,440.0
952,20,952,440.0
953,20,953,440.0
954,20,954,440.0
955,20,955,440.0
956,20,956,440.0
957,20,957,440.0
958,20,958,440.0
959,20,959,440.0
960,20,960,440.0
961,20,961,440.0
962,20,962,440.0
963,20,963,440.0
964,20,964,440.0
965,20,965,440.0
966,20,966,440.0
967,20,967,440.0
968,20,968,440.0
969,20,969,440.0
970,20,970,440.0
971,20,971,440.0
972,20,972,440.0
973,20,973,440.0
974,20,974,440.0
975,20,975,440.0
976,20,976,440.0
977,20,977,440.0
978,20,978,440.0
979,24,979,610.0
980,24,980,610.0
981,24,981,610.0
982,24,982,610.0
983,24,983,610.0
984,24,984,610.0
985,24,985,610.0
986,24,986,610.0
987,24,987,610.0
988,24,988,610.0
989,24,989,610.0
990,24,990,610.0
991,24,991,610.0
992,24,992,610.0
993,24,993,610.0
994,24,994,610.0
995,24,995,610.0
996,24,996,610.0
997,24,997,610.0
998,24,998,610.0
999,24,999,610.0
1000,24,1000,610.0
1001,24,1001,610.0
1002,24,1002,610.0
1003,24,1003,610.0
1004,24,1004,610.0
1005,24,1005,610.0
1006,24,1006,610.0
1007,24,1007,610.0
1008,24,1008,610.0
1009,24,1009,610.0
1010,24,1010,610.0
1011,24,1011,610.0
1012,24,1012,610.0
1013,24,1013,610.0
1014,24,1014,610.0
1015,25,1015,640.0
1016,25,1016,640.0
1017,25,1017,640.0
1018,25,1018,640.0
1019,25,1019,640.0
1020,25,1020,640.0
1021,25,1021,640.0
1022,25,1022,640.0
1023,25,1023,640.0
1024,25,1024,640.0
1025,25,1025,640.0
1026,25,1026,640.0
1027,26,1027,550.0
1028,26,1028,550.0
1029,26,1029,550.0
1030,26,1030,550.0
1031,26,1031,550.0
1032,32,1032,570.0
1033,32,1033,570.0
1034,32,1034,570.0
1035,32,1035,570.0
1036,32,1036,570.0
1037,32,1037,570.0
1038,32,1038,570.0
1039,32,1039,570.0
1040,32,1040,570.0
1041,32,1041,570.0
1042,32,1042,570.0
1043,32,1043,570.0
1044,32,1044,570.0
1045,32,1045,570.0
1046,32,1046,570.0
1047,32,1047,570.0
1048,32,1048,570.0
1049,32,1049,570.0
1050,32,1050,570.0
1051,32,1051,570.0
1052,32,1052,570.0
1053,32,1053,570.0
1054,32,1054,570.0
1055,32,1055,570.0
1056,32,1056,570.0
1057,32,1057,570.0
1058,32,1058,570.0
1059,32,1059,570.0
1060,32,1060,570.0
1061,32,1061,570.0
1062,32,1062,570.0
1063,32,1063,570.0
1064,32,1064,570.0
1065,32,1065,570.0
1066,32,1066,570.0
1067,32,1067,570.0
1068,32,1068,570.0
1069,32,1069,570.0
1070,32,1070,570.0
1071,32,1071,570.0
1072,32,1072,570.0
1073,32,1073,570.0
1074,32,1074,570.0
1075,32,1075,570.0
1076,32,1076,570.0
1077,32,1077,570.0
1078,32,1078,570.0
1079,32,1079,570.0
1080,32,1080,570.0
1081,32,1081,570.0
1082,32,1082,570.0
1083,32,1083,570.0
1084,32,1084,570.0
1085,32,1085,570.0
1086,32,1086,570.0
1087,32,1087,570.0
1088,32,1088,570.0
1089,32,1089,570.0
1090,32,1090,570.0
1091,32,1091,570.0
1092,32,1092,570.0
1093,33,1093,690.0
1094,33,1094,690.0
1095,33,1095,690.0
1096,33,1096,690.0
1097,33,1097,690.0
1098,33,1098,690.0
1099,33,1099,690.0
1100,33,1100,690.0
1101,33,1101,690.0
1102,33,1102,690.0
1103,33,1103,690.0
1104,33,1104,690.0
1105,33,1105,690.0
1106,33,1106,690.0
1107,33,1107,690.0
1108,33,1108,690.0
1109,33,1109,690.0
1110,33,1110,690.0
1111,33,1111,690.0
1112,33,1112,690.0
1113,33,1113,690.0
1114,33,1114,690.0
1115,33,1115,690.0
1116,33,1116,690.0
1117,33,1117,690.0
1118,33,1118,690.0
1119,33,1119,690.0
1120,33,1120,690.0
1121,33,1121,690.0
1122,33,1122,690.0
1123,33,1123,690.0
1124,33,1124,690.0
1125,33,1125,690.0
1126,33,1126,690.0
1127,33,1127,690.0
1128,33,1128,690.0
1129,33,1129,690.0
1130,35,1130,590.0
1131,35,1131,590.0
1132,35,1132,590.0
1133,35,1133,590.0
1134,35,1134,590.0
1135,36,1135,520.0
1136,36,1136,520.0
1137,36,1137,520.0
1138,36,1138,520.0
1139,36,1139,520.0
1140,36,1140,520.0
1141,36,1141,520.0
1142,36,1142,520.0
1143,36,1143,520.0
1144,36,1144,520.0
1145,36,1145,520.0
1146,36,1146,520.0
1147,36,1147,520.0
1148,36,1148,520.0
1149,36,1149,520.0
1150,36,1150,520.0
1151,36,1151,520.0
1152,36,1152,520.0
1153,36,1153,520.0
1154,36,1154,520.0
1155,36,1155,520.0
1156,36,1156,520.0
1157,36,1157,520.0
1158,36,1158,520.0
1159,36,1159,520.0
1160,36,1160,520.0
1161,36,1161,520.0
1162,36,1162,520.0
1163,36,1163,520.0
1164,36,1164,520.0
1165,36,1165,520.0
1166,36,1166,520.0
1167,36,1167,520.0
1168,36,1168,520.0
1169,36,1169,520.0
1170,36,1170,520.0
1171,36,1171,520.0
1172,36,1172,520.0
1173,36,1173,520.0
1174,36,1174,520.0
1175,36,1175,520.0
1176,36,1176,520.0
1177,36,1177,520.0
1178,36,1178,520.0
1179,36,1179,520.0
1180,36,1180,520.0
1181,36,1181,520.0
1182,36,1182,520.0
1183,36,1183,520.0
1184,36,1184,520.0
1185,36,1185,520.0
1186,36,1186,520.0
1187,36,1187,520.0
1188,36,1188,520.0
1189,36,1189,520.0
1190,36,1190,520.0
1191,36,1191,520.0
1192,36,1192,520.0
1193,36,1193,520.0
1194,36,1194,520.0
1195,36,1195,520.0
1196,36,1196,520.0
1197,36,1197,520.0
1198,36,1198,520.0
1199,36,1199,520.0
1200,36,1200,520.0
1201,36,1201,520.0
1202,36,1202,520.0
1203,36,1203,520.0
1204,36,1204,520.0
1205,36,1205,520.0
1206,36,1206,520.0
1207,36,1207,520.0
1208,36,1208,520.0
1209,36,1209,520.0
1210,36,1210,520.0
1211,36,1211,520.0
1212,36,1212,520.0
1213,36,1213,520.0
1214,36,1214,520.0
1215,36,1215,520.0
1216,36,1216,520.0
1217,36,1217,520.0
1218,36,1218,520.0
1219,36,1219,520.0
1220,36,1220,520.0
1221,36,1221,520.0
1222,40,1222,580.0
1223,40,1223,580.0
1224,40,1224,580.0
1225,40,1225,580.0
1226,40,1226,580.0
1227,40,1227,580.0
1228,40,1228,580.0
1229,40,1229,580.0
1230,40,1230,580.0
1231,41,1231,620.0
1232,41,1232,620.0
1233,41,1233,620.0
1234,41,1234,620.0
1235,41,1235,620.0
1236,41,1236,620.0
1237,41,1237,620.0
1238,41,1238,620.0
1239,41,1239,620.0
1240,41,1240,620.0
1241,41,1241,620.0
1242,41,1242,620.0
1243,41,1243,620.0
1244,41,1244,620.0
1245,41,1245,620.0
1246,41,1246,620.0
1247,41,1247,620.0
1248,41,1248,620.0
1249,41,1249,620.0
1250,41,1250,620.0
1251,41,1251,620.0
1252,41,1252,620.0
1253,41,1253,620.0
1254,41,1254,620.0
1255,41,1255,620.0
1256,41,1256,620.0
1257,41,1257,620.0
1258,41,1258,620.0
1259,41,1259,620.0
1260,41,1260,620.0
1261,41,1261,620.0
1262,41,1262,620.0
1263,41,1263,620.0
1264,41,1264,620.0
1265,41,1265,620.0
1266,41,1266,620.0
1267,41,1267,620.0
1268,41,1268,620.0
1269,41,1269,620.0
1270,41,1270,620.0
1271,41,1271,620.0
1272,41,1272,620.0
1273,41,1273,620.0
1274,41,1274,620.0
1275,41,1275,620.0
1276,41,1276,620.0
1277,41,1277,620.0
1278,41,1278,620.0
1279,41,1279,620.0
1280,41,1280,620.0
1281,41,1281,620.0
1282,41,1282,620.0
1283,41,1283,620.0
1284,41,1284,620.0
1285,41,1285,620.0
1286,41,1286,620.0
1287,41,1287,620.0
1288,41,1288,620.0
1289,41,1289,620.0
1290,41,1290,620.0
1291,41,1291,620.0
1292,41,1292,620.0
1293,41,1293,620.0
1294,41,1294,620.0
1295,41,1295,620.0
1296,41,1296,620.0
1297,41,1297,620.0
1298,41,1298,620.0
1299,41,1299,620.0
1300,41,1300,620.0
1301,43,1301,620.0
1302,43,1302,620.0
1303,43,1303,620.0
1304,43,1304,620.0
1305,43,1305,620.0
1306,43,1306,620.0
1307,43,1307,620.0
1308,43,1308,620.0
1309,43,1309,620.0
1310,43,1310,620.0
1311,43,1311,620.0
1312,43,1312,620.0
1313,43,1313,620.0
1314,43,1314,620.0
1315,43,1315,620.0
1316,46,1316,420.0
1317,46,1317,420.0
1318,46,1318,420.0
1319,46,1319,420.0
1320,46,1320,420.0
1321,46,1321,420.0
1322,46,1322,420.0
1323,46,1323,420.0
1324,46,1324,420.0
1325,46,1325,420.0
1326,46,1326,420.0
1327,46,1327,420.0
1328,46,1328,420.0
1329,46,1329,420.0
1330,46,1330,420.0
1331,46,1331,420.0
1332,46,1332,420.0
1333,46,1333,420.0
1334,46,1334,420.0
1335,46,1335,420.0
1336,46,1336,420.0
1337,46,1337,420.0
1338,46,1338,420.0
1339,46,1339,420.0
1340,46,1340,420.0
1341,46,1341,420.0
1342,46,1342,420.0
1343,46,1343,420.0
1344,46,1344,420.0
1345,46,1345,420.0
1346,46,1346,420.0
1347,46,1347,420.0
1348,46,1348,420.0
1349,46,1349,420.0
1350,46,1350,420.0
1351,46,1351,420.0
1352,46,1352,420.0
1353,47,1353,450.0
1354,47,1354,450.0
1355,47,1355,450.0
1356,47,1356,450.0
1357,47,1357,450.0
1358,47,1358,450.0
1359,47,1359,450.0
1360,47,1360,450.0
1361,47,1361,450.0
1362,47,1362,450.0
1363,47,1363,450.0
1364,47,1364,450.0
1365,47,1365,450.0
1366,47,1366,450.0
1367,47,1367,450.0
1368,47,1368,450.0
1369,47,1369,450.0
1370,47,1370,450.0
1371,47,1371,450.0
1372,47,1372,450.0
1373,47,1373,450.0
1374,47,1374,450.0
1375,47,1375,450.0
1376,47,1376,450.0
1377,47,1377,450.0
1378,47,1378,450.0
1379,47,1379,450.0
1380,47,1380,450.0
1381,47,1381,450.0
1382,47,1382,450.0
1383,47,1383,450.0
1384,47,1384,450.0
1385,47,1385,450.0
1386,49,1386,400.0
1387,49,1387,400.0
1388,49,1388,400.0
1389,49,1389,400.0
1390,49,1390,400.0
1391,50,1391,470.0
1392,50,1392,470.0
1393,50,1393,470.0
1394,50,1394,470.0
1395,50,1395,470.0
1396,50,1396,470.0
1397,50,1397,470.0
1398,50,1398,470.0
1399,50,1399,470.0
1400,50,1400,470.0
1401,50,1401,470.0
1402,50,1402,470.0
1403,50,1403,470.0
1404,50,1404,470.0
1405,50,1405,470.0
1406,50,1406,470.0
1407,50,1407,470.0
1408,50,1408,470.0
1409,50,1409,470.0
1410,50,1410,470.0
1411,50,1411,470.0
1412,50,1412,470.0
1413,50,1413,470.0
1414,50,1414,470.0
1415,50,1415,470.0
1416,50,1416,470.0
1417,50,1417,470.0
1418,50,1418,470.0
1419,50,1419,470.0
1420,50,1420,470.0
1421,50,1421,470.0
1422,50,1422,470.0
1423,50,1423,470.0
1424,50,1424,470.0
1425,50,1425,470.0
1426,50,1426,470.0
1427,50,1427,470.0
1428,50,1428,470.0
1429,50,1429,470.0
1430,50,1430,470.0
1431,50,1431,470.0
1432,53,1432,790.0
1433,53,1433,790.0
1434,54,1434,670.0
1435,54,1435,670.0
1436,54,1436,670.0
1437,54,1437,670.0
1438,54,1438,670.0
1439,54,1439,670.0
1440,54,1440,670.0
1441,54,1441,670.0
1442,54,1442,670.0
1443,54,1443,670.0
1444,54,1444,670.0
1445,54,1445,670.0
1446,54,1446,670.0
1447,54,1447,670.0
1448,55,1448,740.0
1449,55,1449,740.0
1450,55,1450,740.0
1451,55,1451,740.0
1452,55,1452,740.0
1453,55,1453,740.0
1454,55,1454,740.0
1455,55,1455,740.0
1456,55,1456,740.0
1457,55,1457,740.0
1458,55,1458,740.0
1459,55,1459,740.0
1460,55,1460,740.0
1461,55,1461,740.0
1462,55,1462,740.0
1463,55,1463,740.0
1464,55,1464,740.0
1465,55,1465,740.0
1466,55,1466,740.0
1467,55,1467,740.0
1468,55,1468,740.0
1469,55,1469,740.0
1470,55,1470,740.0
1471,55,1471,740.0
1472,55,1472,740.0
1473,55,1473,740.0
1474,55,1474,740.0
1475,55,1475,740.0
1476,55,1476,740.0
1477,55,1477,740.0
1478,55,1478,740.0
1479,55,1479,740.0
1480,55,1480,740.0
1481,55,1481,740.0
1482,55,1482,740.0
1483,55,1483,740.0
1484,55,1484,740.0
1485,55,1485,740.0
1486,55,1486,740.0
1487,55,1487,740.0
1488,55,1488,740.0
1489,55,1489,740.0
1490,55,1490,740.0
1491,55,1491,740.0
1492,55,1492,740.0
1493,55,1493,740.0
1494,55,1494,740.0
1495,55,1495,740.0
1496,55,1496,740.0
1497,55,1497,740.0
1498,55,1498,740.0
1499,55,1499,740.0
1500,55,1500,740.0
1501,55,1501,740.0
1502,55,1502,740.0
1503,55,1503,740.0
1504,55,1504,740.0
1505,55,1505,740.0
1506,55,1506,740.0
1507,55,1507,740.0
1508,55,1508,740.0
1509,55,1509,740.0
1510,55,1510,740.0
1511,55,1511,740.0
1512,55,1512,740.0
1513,55,1513,740.0
1514,55,1514,740.0
1515,55,1515,740.0
1516,56,1516,560.0
1517,56,1517,560.0
1518,56,1518,560.0
1519,56,1519,560.0
1520,56,1520,560.0
1521,56,1521,560.0
1522,56,1522,560.0
1523,56,1523,560.0
1524,56,1524,560.0
1525,57,1525,530.0
1526,57,1526,530.0
1527,57,1527,530.0
1528,57,1528,530.0
1529,57,1529,530.0
1530,57,1530,530.0
1531,57,1531,530.0
1532,57,1532,530.0
1533,57,1533,530.0
1534,57,1534,530.0
1535,57,1535,530.0
1536,57,1536,530.0
1537,57,1537,530.0
1538,57,1538,530.0
1539,57,1539,530.0
1540,57,1540,530.0
1541,57,1541,530.0
1542,57,1542,530.0
1543,57,1543,530.0
1544,57,1544,530.0
1545,57,1545,530.0
1546,57,1546,530.0
1547,57,1547,530.0
1548,57,1548,530.0
1549,57,1549,530.0
1550,57,1550,530.0
1551,57,1551,530.0
1552,57,1552,530.0
1553,57,1553,530.0
1554,57,1554,530.0
1555,57,1555,530.0
1556,57,1556,530.0
1557,57,1557,530.0
1558,57,1558,530.0
1559,57,1559,530.0
1560,57,1560,530.0
1561,57,1561,530.0
1562,57,1562,530.0
1563,57,1563,530.0
1564,57,1564,530.0
1565,57,1565,530.0
1566,57,1566,530.0
1567,57,1567,530.0
1568,57,1568,530.0
1569,57,1569,530.0
1570,57,1570,530.0
1571,57,1571,530.0
1572,57,1572,530.0
1573,57,1573,530.0
1574,57,1574,530.0
1575,57,1575,530.0
1576,58,1576,650.0
1577,58,1577,650.0
1578,58,1578,650.0
1579,58,1579,650.0
1580,58,1580,650.0
1581,58,1581,650.0
1582,58,1582,650.0
1583,58,1583,650.0
1584,58,1584,650.0
1585,58,1585,650.0
1586,58,1586,650.0
1587,58,1587,650.0
1588,58,1588,650.0
1589,58,1589,650.0
1590,58,1590,650.0
1591,58,1591,650.0
1592,58,1592,650.0
1593,58,1593,650.0
1594,58,1594,650.0
1595,58,1595,650.0
1596,58,1596,650.0
1597,58,1597,650.0
1598,58,1598,650.0
1599,58,1599,650.0
1600,58,1600,650.0
1601,58,1601,650.0
1602,58,1602,650.0
1603,58,1603,650.0
1604,58,1604,650.0
1605,58,1605,650.0
1606,58,1606,650.0
1607,58,1607,650.0
1608,58,1608,650.0
1609,58,1609,650.0
1610,58,1610,650.0
1611,58,1611,650.0
1612,58,1612,650.0
1613,58,1613,650.0
1614,58,1614,650.0
1615,58,1615,650.0
1616,58,1616,650.0
1617,58,1617,650.0
1618,58,1618,650.0
1619,58,1619,650.0
1620,58,1620,650.0
1621,58,1621,650.0
1622,58,1622,650.0
1623,58,1623,650.0
1624,58,1624,650.0
1625,58,1625,650.0
1626,58,1626,650.0
1627,58,1627,650.0
1628,58,1628,650.0
1629,58,1629,650.0
1630,58,1630,650.0
1631,58,1631,650.0
1632,58,1632,650.0
1633,58,1633,650.0
1634,58,1634,650.0
1635,61,1635,650.0
1636,61,1636,650.0
1637,61,1637,650.0
1638,61,1638,650.0
1639,61,1639,650.0
1640,61,1640,650.0
1641,61,1641,650.0
1642,61,1642,650.0
1643,61,1643,650.0
1644,61,1644,650.0
1645,61,1645,650.0
1646,61,1646,650.0
1647,62,1647,480.0
1648,62,1648,480.0
1649,62,1649,480.0
1650,62,1650,480.0
1651,62,1651,480.0
1652,62,1652,480.0
1653,62,1653,480.0
1654,62,1654,480.0
1655,62,1655,480.0
1656,62,1656,480.0
1657,62,1657,480.0
1658,62,1658,480.0
1659,62,1659,480.0
1660,62,1660,480.0
1661,62,1661,480.0
1662,62,1662,480.0
1663,62,1663,480.0
1664,62,1664,480.0
1665,62,1665,480.0
1666,62,1666,480.0
1667,62,1667,480.0
1668,62,1668,480.0
1669,62,1669,480.0
1670,62,1670,480.0
1671,62,1671,480.0
1672,62,1672,480.0
1673,62,1673,480.0
1674,62,1674,480.0
1675,62,1675,480.0
1676,62,1676,480.0
1677,62,1677,480.0
1678,62,1678,480.0
1679,62,1679,480.0
1680,62,1680,480.0
1681,62,1681,480.0
1682,62,1682,480.0
1683,62,1683,480.0
1684,62,1684,480.0
1685,62,1685,480.0
1686,62,1686,480.0
1687,62,1687,480.0
1688,62,1688,480.0
1689,62,1689,480.0
1690,62,1690,480.0
1691,62,1691,480.0
1692,62,1692,480.0
1693,62,1693,480.0
1694,62,1694,480.0
1695,62,1695,480.0
1696,62,1696,480.0
1697,62,1697,480.0
1698,62,1698,480.0
1699,62,1699,480.0
1700,62,1700,480.0
1701,62,1701,480.0
1702,62,1702,480.0
1703,62,1703,480.0
1704,62,1704,480.0
1705,62,1705,480.0
1706,62,1706,480.0
1707,62,1707,480.0
1708,62,1708,480.0
1709,62,1709,480.0
1710,62,1710,480.0
1711,62,1711,480.0
1712,62,1712,480.0
1713,62,1713,480.0
1714,62,1714,480.0
1715,62,1715,480.0
1716,62,1716,480.0
1717,62,1717,480.0
1718,62,1718,480.0
1719,62,1719,480.0
1720,62,1720,480.0
1721,62,1721,480.0
1722,62,1722,480.0
1723,62,1723,480.0
1724,62,1724,480.0
1725,62,1725,480.0
1726,62,1726,480.0
1727,62,1727,480.0
1728,62,1728,480.0
1729,62,1729,480.0
1730,62,1730,480.0
1731,62,1731,480.0
1732,63,1732,600.0
1733,63,1733,600.0
1734,63,1734,600.0
1735,63,1735,600.0
1736,63,1736,600.0
1737,63,1737,600.0
1738,63,1738,600.0
1739,63,1739,600.0
1740,63,1740,600.0
1741,63,1741,600.0
1742,63,1742,600.0
1743,63,1743,600.0
1744,63,1744,600.0
1745,63,1745,600.0
1746,63,1746,600.0
1747,63,1747,600.0
1748,63,1748,600.0
1749,63,1749,600.0
1750,63,1750,600.0
1751,63,1751,600.0
1752,63,1752,600.0
1753,63,1753,600.0
1754,63,1754,600.0
1755,63,1755,600.0
1756,63,1756,600.0
1757,63,1757,600.0
1758,63,1758,600.0
1759,63,1759,600.0
1760,63,1760,600.0
1761,63,1761,600.0
1762,63,1762,600.0
1763,63,1763,600.0
1764,63,1764,600.0
1765,63,1765,600.0
1766,63,1766,600.0
1767,63,1767,600.0
1768,63,1768,600.0
1769,63,1769,600.0
1770,63,1770,600.0
1771,63,1771,600.0
1772,63,1772,600.0
1773,63,1773,600.0
1774,63,1774,600.0
1775,63,1775,600.0
1776,63,1776,600.0
1777,63,1777,600.0
1778,63,1778,600.0
1779,63,1779,600.0
1780,63,1780,600.0
1781,63,1781,600.0
1782,63,1782,600.0
1783,63,1783,600.0
1784,63,1784,600.0
1785,63,1785,600.0
1786,63,1786,600.0
1787,63,1787,600.0
1788,63,1788,600.0
1789,63,1789,600.0
1790,63,1790,600.0
1791,63,1791,600.0
1792,63,1792,600.0
1793,66,1793,700.0
1794,66,1794,700.0
1795,66,1795,700.0
1796,66,1796,700.0
1797,66,1797,700.0
1798,66,1798,700.0
1799,66,1799,700.0
1800,66,1800,700.0
1801,66,1801,700.0
1802,66,1802,700.0
1803,66,1803,700.0
1804,66,1804,700.0
1805,66,1805,700.0
1806,66,1806,700.0
1807,66,1807,700.0
1808,66,1808,700.0
1809,66,1809,700.0
1810,66,1810,700.0
1811,66,1811,700.0
1812,66,1812,700.0
1813,66,1813,700.0
1814,66,1814,700.0
1815,66,1815,700.0
1816,66,1816,700.0
1817,66,1817,700.0
1818,66,1818,700.0
1819,66,1819,700.0
1820,66,1820,700.0
1821,66,1821,700.0
1822,66,1822,700.0
1823,66,1823,700.0
1824,66,1824,700.0
1825,66,1825,700.0
1826,66,1826,700.0
1827,66,1827,700.0
1828,66,1828,700.0
1829,66,1829,700.0
1830,66,1830,700.0
1831,66,1831,700.0
1832,66,1832,700.0
1833,66,1833,700.0
1834,66,1834,700.0
1835,66,1835,700.0
1836,66,1836,700.0
1837,66,1837,700.0
1838,66,1838,700.0
1839,66,1839,700.0
1840,66,1840,700.0
1841,66,1841,700.0
1842,66,1842,700.0
1843,66,1843,700.0
1844,66,1844,700.0
1845,66,1845,700.0
1846,66,1846,700.0
1847,66,1847,700.0
1848,66,1848,700.0
1849,66,1849,700.0
1850,66,1850,700.0
1851,66,1851,700.0
1852,66,1852,700.0
1853,66,1853,700.0
1854,66,1854,700.0
1855,66,1855,700.0
1856,66,1856,700.0
1857,66,1857,700.0
1858,66,1858,700.0
1859,66,1859,700.0
1860,66,1860,700.0
1861,66,1861,700.0
1862,66,1862,700.0
1863,66,1863,700.0
1864,66,1864,700.0
1865,66,1865,700.0
1866,66,1866,700.0
1867,66,1867,700.0
1868,66,1868,700.0
1869,66,1869,700.0
1870,66,1870,700.0
1871,66,1871,700.0
1872,67,1872,540.0
1873,67,1873,540.0
1874,67,1874,540.0
1875,67,1875,540.0
1876,67,1876,540.0
1877,67,1877,540.0
1878,67,1878,540.0
1879,67,1879,540.0
1880,67,1880,540.0
1881,67,1881,540.0
1882,67,1882,540.0
1883,67,1883,540.0
1884,67,1884,540.0
1885,67,1885,540.0
1886,67,1886,540.0
1887,67,1887,540.0
1888,67,1888,540.0
1889,67,1889,540.0
1890,67,1890,540.0
1891,67,1891,540.0
1892,67,1892,540.0
1893,67,1893,540.0
1894,67,1894,540.0
1895,67,1895,540.0
1896,67,1896,540.0
1897,67,1897,540.0
1898,67,1898,540.0
1899,67,1899,540.0
1900,67,1900,540.0
1901,67,1901,540.0
1902,67,1902,540.0
1903,67,1903,540.0
1904,67,1904,540.0
1905,67,1905,540.0
1906,67,1906,540.0
1907,67,1907,540.0
1908,67,1908,540.0
1909,67,1909,540.0
1910,67,1910,540.0
1911,67,1911,540.0
1912,67,1912,540.0
1913,67,1913,540.0
1914,67,1914,540.0
1915,67,1915,540.0
1916,67,1916,540.0
1917,67,1917,540.0
1918,67,1918,540.0
1919,67,1919,540.0
1920,67,1920,540.0
1921,67,1921,540.0
1922,67,1922,540.0
1923,67,1923,540.0
1924,67,1924,540.0
1925,67,1925,540.0
1926,67,1926,540.0
1927,67,1927,540.0
1928,67,1928,540.0
1929,67,1929,540.0
1930,67,1930,540.0
1931,67,1931,540.0
1932,67,1932,540.0
1933,67,1933,540.0
1934,67,1934,540.0
1935,67,1935,540.0
1936,67,1936,540.0
1937,67,1937,540.0
1938,67,1938,540.0
1939,67,1939,540.0
1940,67,1940,540.0
1941,67,1941,540.0
1942,67,1942,540.0
1943,67,1943,540.0
1944,67,1944,540.0
1945,67,1945,540.0
1946,67,1946,540.0
1947,67,1947,540.0
1948,67,1948,540.0
1949,67,1949,540.0
1950,67,1950,540.0
1951,67,1951,540.0
1952,67,1952,540.0
1953,67,1953,540.0
1954,67,1954,540.0
1955,67,1955,540.0
1956,67,1956,540.0
1957,67,1957,540.0
1958,67,1958,540.0
1959,67,1959,540.0
1960,67,1960,540.0
1961,67,1961,540.0
1962,67,1962,540.0
1963,67,1963,540.0
1964,67,1964,540.0
1965,67,1965,540.0
1966,69,1966,560.0
1967,69,1967,560.0
1968,69,1968,560.0
1969,69,1969,560.0
1970,69,1970,560.0
1971,69,1971,560.0
1972,71,1972,450.0
1973,71,1973,450.0
1974,71,1974,450.0
1975,71,1975,450.0
1976,71,1976,450.0
1977,71,1977,450.0
1978,71,1978,450.0
1979,71,1979,450.0
1980,71,1980,450.0
1981,71,1981,450.0
1982,71,1982,450.0
1983,71,1983,450.0
1984,71,1984,450.0
1985,71,1985,450.0
1986,71,1986,450.0
1987,71,1987,450.0
1988,71,1988,450.0
1989,71,1989,450.0
1990,71,1990,450.0
1991,71,1991,450.0
1992,71,1992,450.0
1993,71,1993,450.0
1994,71,1994,450.0
1995,71,1995,450.0
1996,71,1996,450.0
1997,71,1997,450.0
1998,71,1998,450.0
1999,71,1999,450.0
2000,71,2000,450.0
2001,71,2001,450.0
2002,71,2002,450.0
2003,71,2003,450.0
2004,71,2004,450.0
2005,71,2005,450.0
2006,71,2006,450.0
2007,71,2007,450.0
2008,71,2008,450.0
2009,71,2009,450.0
2010,71,2010,450.0
2011,71,2011,450.0
2012,71,2012,450.0
2013,71,2013,450.0
2014,71,2014,450.0
2015,71,2015,450.0
2016,71,2016,450.0
2017,71,2017,450.0
2018,71,2018,450.0
2019,71,2019,450.0
2020,71,2020,450.0
2021,71,2021,450.0
2022,71,2022,450.0
2023,71,2023,450.0
2024,71,2024,450.0
2025,71,2025,450.0
2026,71,2026,450.0
2027,71,2027,450.0
2028,71,2028,450.0
2029,71,2029,450.0
2030,71,2030,450.0
2031,71,2031,450.0
2032,71,2032,450.0
2033,71,2033,450.0
2034,71,2034,450.0
2035,71,2035,450.0
2036,71,2036,450.0
2037,71,2037,450.0
2038,71,2038,450.0
2039,71,2039,450.0
2040,71,2040,450.0
2041,71,2041,450.0
2042,71,2042,450.0
2043,71,2043,450.0
2044,71,2044,450.0
2045,71,2045,450.0
2046,71,2046,450.0
2047,71,2047,450.0
2048,71,2048,450.0
2049,71,2049,450.0
2050,71,2050,450.0
2051,71,2051,450.0
2052,71,2052,450.0
2053,71,2053,450.0
2054,71,2054,450.0
2055,71,2055,450.0
2056,71,2056,450.0
2057,71,2057,450.0
2058,71,2058,450.0
2059,71,2059,450.0
2060,71,2060,450.0
2061,71,2061,450.0
2062,71,2062,450.0
2063,71,2063,450.0
2064,71,2064,450.0
2065,71,2065,450.0
2066,71,2066,450.0
2067,71,2067,450.0
2068,71,2068,450.0
2069,71,2069,450.0
2070,71,2070,450.0
2071,71,2071,450.0
2072,71,2072,450.0
2073,71,2073,450.0
2074,71,2074,450.0
2075,71,2075,450.0
2076,71,2076,450.0
2077,71,2077,450.0
2078,71,2078,450.0
2079,71,2079,450.0
2080,71,2080,450.0
2081,71,2081,450.0
2082,71,2082,450.0
2083,71,2083,450.0
2084,71,2084,450.0
2085,71,2085,450.0
2086,71,2086,450.0
2087,71,2087,450.0
2088,71,2088,450.0
2089,71,2089,450.0
2090,71,2090,450.0
2091,71,2091,450.0
2092,71,2092,450.0
2093,71,2093,450.0
2094,71,2094,450.0
2095,71,2095,450.0
2096,71,2096,450.0
2097,71,2097,450.0
2098,71,2098,450.0
2099,71,2099,450.0
2100,71,2100,450.0
2101,71,2101,450.0
2102,71,2102,450.0
2103,71,2103,450.0
2104,71,2104,450.0
2105,71,2105,450.0
2106,71,2106,450.0
2107,71,2107,450.0
2108,71,2108,450.0
2109,71,2109,450.0
2110,71,2110,450.0
2111,71,2111,450.0
2112,71,2112,450.0
2113,71,2113,450.0
2114,71,2114,450.0
2115,71,2115,450.0
2116,71,2116,450.0
2117,71,2117,450.0
2118,71,2118,450.0
2119,71,2119,450.0
2120,71,2120,450.0
2121,71,2121,450.0
2122,71,2122,450.0
2123,71,2123,450.0
2124,71,2124,450.0
2125,71,2125,450.0
2126,71,2126,450.0
2127,71,2127,450.0
2128,71,2128,450.0
2129,71,2129,450.0
2130,71,2130,450.0
2131,71,2131,450.0
2132,71,2132,450.0
2133,71,2133,450.0
2134,71,2134,450.0
2135,71,2135,450.0
2136,71,2136,450.0
2137,71,2137,450.0
2138,71,2138,450.0
2139,71,2139,450.0
2140,71,2140,450.0
2141,71,2141,450.0
2142,71,2142,450.0
2143,71,2143,450.0
2144,71,2144,450.0
2145,71,2145,450.0
2146,71,2146,450.0
2147,71,2147,450.0
2148,71,2148,450.0
2149,73,2149,580.0
2150,73,2150,580.0
2151,73,2151,580.0
2152,73,2152,580.0
2153,73,2153,580.0
2154,73,2154,580.0
2155,73,2155,580.0
2156,73,2156,580.0
2157,73,2157,580.0
2158,73,2158,580.0
2159,73,2159,580.0
2160,73,2160,580.0
2161,73,2161,580.0
2162,73,2162,580.0
2163,73,2163,580.0
2164,73,2164,580.0
2165,73,2165,580.0
2166,73,2166,580.0
2167,73,2167,580.0
2168,73,2168,580.0
2169,73,2169,580.0
2170,73,2170,580.0
2171,73,2171,580.0
2172,73,2172,580.0
2173,73,2173,580.0
2174,73,2174,580.0
2175,73,2175,580.0
2176,73,2176,580.0
2177,73,2177,580.0
2178,73,2178,580.0
2179,73,2179,580.0
2180,73,2180,580.0
2181,73,2181,580.0
2182,73,2182,580.0
2183,73,2183,580.0
2184,73,2184,580.0
2185,73,2185,580.0
2186,73,2186,580.0
2187,73,2187,580.0
2188,73,2188,580.0
2189,73,2189,580.0
2190,73,2190,580.0
2191,73,2191,580.0
2192,73,2192,580.0
2193,73,2193,580.0
2194,73,2194,580.0
2195,73,2195,580.0
2196,73,2196,580.0
2197,73,2197,580.0
2198,73,2198,580.0
2199,73,2199,580.0
2200,73,2200,580.0
2201,73,2201,580.0
2202,73,2202,580.0
2203,73,2203,580.0
2204,73,2204,580.0
2205,73,2205,580.0
2206,73,2206,580.0
2207,73,2207,580.0
2208,73,2208,580.0
2209,73,2209,580.0
2210,73,2210,580.0
2211,73,2211,580.0
2212,73,2212,580.0
2213,73,2213,580.0
2214,73,2214,580.0
2215,73,2215,580.0
2216,73,2216,580.0
2217,73,2217,580.0
2218,73,2218,580.0
2219,73,2219,580.0
2220,73,2220,580.0
2221,73,2221,580.0
2222,73,2222,580.0
2223,73,2223,580.0
2224,73,2224,580.0
2225,73,2225,580.0
2226,76,2226,650.0
2227,76,2227,650.0
2228,76,2228,650.0
2229,76,2229,650.0
2230,76,2230,650.0
2231,76,2231,650.0
2232,76,2232,650.0
2233,76,2233,650.0
2234,76,2234,650.0
2235,76,2235,650.0
2236,76,2236,650.0
2237,76,2237,650.0
2238,76,2238,650.0
2239,77,2239,530.0
2240,78,2240,580.0
2241,78,2241,580.0
2242,78,2242,580.0
2243,78,2243,580.0
2244,78,2244,580.0
2245,78,2245,580.0
2246,78,2246,580.0
2247,78,2247,580.0
2248,78,2248,580.0
2249,78,2249,580.0
2250,78,2250,580.0
2251,78,2251,580.0
2252,78,2252,580.0
2253,78,2253,580.0
2254,78,2254,580.0
2255,78,2255,580.0
2256,78,2256,580.0
2257,78,2257,580.0
2258,78,2258,580.0
2259,78,2259,580.0
2260,78,2260,580.0
2261,78,2261,580.0
2262,78,2262,580.0
2263,78,2263,580.0
2264,81,2264,560.0
2265,81,2265,560.0
2266,81,2266,560.0
2267,81,2267,560.0
2268,81,2268,560.0
2269,81,2269,560.0
2270,81,2270,560.0
2271,81,2271,560.0
2272,81,2272,560.0
2273,81,2273,560.0
2274,81,2274,560.0
2275,81,2275,560.0
2276,81,2276,560.0
2277,81,2277,560.0
2278,81,2278,560.0
2279,81,2279,560.0
2280,81,2280,560.0
2281,81,2281,560.0
2282,81,2282,560.0
2283,81,2283,560.0
2284,81,2284,560.0
2285,81,2285,560.0
2286,81,2286,560.0
2287,81,2287,560.0
2288,81,2288,560.0
2289,81,2289,560.0
2290,81,2290,560.0
2291,81,2291,560.0
2292,81,2292,560.0
2293,81,2293,560.0
2294,81,2294,560.0
2295,81,2295,560.0
2296,81,2296,560.0
2297,81,2297,560.0
2298,81,2298,560.0
2299,81,2299,560.0
2300,81,2300,560.0
2301,81,2301,560.0
2302,81,2302,560.0
2303,81,2303,560.0
2304,81,2304,560.0
2305,81,2305,560.0
2306,81,2306,560.0
2307,81,2307,560.0
2308,81,2308,560.0
2309,81,2309,560.0
2310,81,2310,560.0
2311,81,2311,560.0
2312,81,2312,560.0
2313,81,2313,560.0
2314,81,2314,560.0
2315,81,2315,560.0
2316,81,2316,560.0
2317,81,2317,560.0
2318,81,2318,560.0
2319,81,2319,560.0
2320,81,2320,560.0
2321,81,2321,560.0
2322,81,2322,560.0
2323,81,2323,560.0
2324,81,2324,560.0
2325,81,2325,560.0
2326,81,2326,560.0
2327,81,2327,560.0
2328,81,2328,560.0
2329,81,2329,560.0
2330,81,2330,560.0
2331,81,2331,560.0
2332,81,2332,560.0
2333,81,2333,560.0
2334,81,2334,560.0
2335,81,2335,560.0
2336,81,2336,560.0
2337,81,2337,560.0
2338,81,2338,560.0
2339,81,2339,560.0
2340,82,2340,640.0
2341,82,2341,640.0
2342,82,2342,640.0
2343,82,2343,640.0
2344,82,2344,640.0
2345,82,2345,640.0
2346,82,2346,640.0
2347,82,2347,640.0
2348,82,2348,640.0
2349,82,2349,640.0
2350,82,2350,640.0
2351,82,2351,640.0
2352,82,2352,640.0
2353,82,2353,640.0
2354,82,2354,640.0
2355,82,2355,640.0
2356,82,2356,640.0
2357,82,2357,640.0
2358,82,2358,640.0
2359,82,2359,640.0
2360,82,2360,640.0
2361,82,2361,640.0
2362,82,2362,640.0
2363,82,2363,640.0
2364,82,2364,640.0
2365,82,2365,640.0
2366,82,2366,640.0
2367,82,2367,640.0
2368,82,2368,640.0
2369,82,2369,640.0
2370,82,2370,640.0
2371,82,2371,640.0
2372,82,2372,640.0
2373,82,2373,640.0
2374,82,2374,640.0
2375,82,2375,640.0
2376,82,2376,640.0
2377,82,2377,640.0
2378,82,2378,640.0
2379,82,2379,640.0
2380,82,2380,640.0
2381,82,2381,640.0
2382,82,2382,640.0
2383,82,2383,640.0
2384,82,2384,640.0
2385,82,2385,640.0
2386,82,2386,640.0
2387,82,2387,640.0
2388,82,2388,640.0
2389,82,2389,640.0
2390,82,2390,640.0
2391,82,2391,640.0
2392,82,2392,640.0
2393,82,2393,640.0
2394,82,2394,640.0
2395,82,2395,640.0
2396,82,2396,640.0
2397,82,2397,640.0
2398,82,2398,640.0
2399,82,2399,640.0
2400,82,2400,640.0
2401,82,2401,640.0
2402,82,2402,640.0
2403,82,2403,640.0
2404,82,2404,640.0
2405,82,2405,640.0
2406,82,2406,640.0
2407,82,2407,640.0
2408,82,2408,640.0
2409,82,2409,640.0
2410,82,2410,640.0
2411,82,2411,640.0
2412,84,2412,620.0
2413,84,2413,620.0
2414,84,2414,620.0
2415,84,2415,620.0
2416,84,2416,620.0
2417,84,2417,620.0
2418,86,2418,470.0
2419,86,2419,470.0
2420,86,2420,470.0
2421,86,2421,470.0
2422,86,2422,470.0
2423,86,2423,470.0
2424,86,2424,470.0
2425,86,2425,470.0
2426,86,2426,470.0
2427,86,2427,470.0
2428,86,2428,470.0
2429,86,2429,470.0
2430,86,2430,470.0
2431,86,2431,470.0
2432,86,2432,470.0
2433,86,2433,470.0
2434,86,2434,470.0
2435,86,2435,470.0
2436,86,2436,470.0
2437,86,2437,470.0
2438,86,2438,470.0
2439,86,2439,470.0
2440,86,2440,470.0
2441,86,2441,470.0
2442,86,2442,470.0
2443,86,2443,470.0
2444,86,2444,470.0
2445,86,2445,470.0
2446,86,2446,470.0
2447,86,2447,470.0
2448,86,2448,470.0
2449,86,2449,470.0
2450,86,2450,470.0
2451,88,2451,540.0
2452,88,2452,540.0
2453,88,2453,540.0
2454,88,2454,540.0
2455,88,2455,540.0
2456,88,2456,540.0
2457,88,2457,540.0
2458,88,2458,540.0
2459,88,2459,540.0
2460,88,2460,540.0
2461,88,2461,540.0
2462,88,2462,540.0
2463,88,2463,540.0
2464,88,2464,540.0
2465,88,2465,540.0
2466,88,2466,540.0
2467,88,2467,540.0
2468,88,2468,540.0
2469,88,2469,540.0
2470,88,2470,540.0
2471,88,2471,540.0
2472,88,2472,540.0
2473,88,2473,540.0
2474,88,2474,540.0
2475,88,2475,540.0
2476,88,2476,540.0
2477,88,2477,540.0
2478,88,2478,540.0
2479,88,2479,540.0
2480,88,2480,540.0
2481,88,2481,540.0
2482,88,2482,540.0
2483,88,2483,540.0
2484,88,2484,540.0
2485,88,2485,540.0
2486,88,2486,540.0
2487,88,2487,540.0
2488,88,2488,540.0
2489,88,2489,540.0
2490,88,2490,540.0
2491,88,2491,540.0
2492,88,2492,540.0
2493,88,2493,540.0
2494,88,2494,540.0
2495,88,2495,540.0
2496,88,2496,540.0
2497,88,2497,540.0
2498,88,2498,540.0
2499,88,2499,540.0
2500,88,2500,540.0
2501,88,2501,540.0
2502,88,2502,540.0
2503,88,2503,540.0
2504,88,2504,540.0
2505,88,2505,540.0
2506,88,2506,540.0
2507,88,2507,540.0
2508,88,2508,540.0
2509,88,2509,540.0
2510,88,2510,540.0
2511,88,2511,540.0
2512,88,2512,540.0
2513,88,2513,540.0
2514,88,2514,540.0
2515,88,2515,540.0
2516,88,2516,540.0
2517,88,2517,540.0
2518,88,2518,540.0
2519,88,2519,540.0
2520,88,2520,540.0
2521,88,2521,540.0
2522,88,2522,540.0
2523,88,2523,540.0
2524,88,2524,540.0
2525,88,2525,540.0
2526,88,2526,540.0
2527,88,2527,540.0
2528,88,2528,540.0
2529,88,2529,540.0
2530,88,2530,540.0
2531,88,2531,540.0
2532,88,2532,540.0
2533,88,2533,540.0
2534,88,2534,540.0
2535,88,2535,540.0
2536,88,2536,540.0
2537,98,2537,610.0
2538,98,2538,610.0
2539,98,2539,610.0
2540,98,2540,610.0
2541,98,2541,610.0
2542,98,2542,610.0
2543,98,2543,610.0
2544,98,2544,610.0
2545,98,2545,610.0
2546,98,2546,610.0
2547,98,2547,610.0
2548,98,2548,610.0
2549,98,2549,610.0
2550,98,2550,610.0
2551,98,2551,610.0
2552,98,2552,610.0
2553,98,2553,610.0
2554,98,2554,610.0
2555,98,2555,610.0
2556,99,2556,620.0
2557,99,2557,620.0
2558,99,2558,620.0
2559,99,2559,620.0
2560,99,2560,620.0
2561,99,2561,620.0
2562,99,2562,620.0
2563,99,2563,620.0
2564,99,2564,620.0
2565,99,2565,620.0
2566,99,2566,620.0
2567,99,2567,620.0
2568,99,2568,620.0
2569,99,2569,620.0
2570,99,2570,620.0
2571,99,2571,620.0
2572,99,2572,620.0
2573,99,2573,620.0
2574,99,2574,620.0
2575,99,2575,620.0
2576,99,2576,620.0
2577,99,2577,620.0
2578,99,2578,620.0
2579,99,2579,620.0
2580,99,2580,620.0
2581,99,2581,620.0
2582,99,2582,620.0
2583,99,2583,620.0
2584,99,2584,620.0
2585,99,2585,620.0
2586,99,2586,620.0
2587,99,2587,620.0
2588,99,2588,620.0
2589,99,2589,620.0
2590,99,2590,620.0
2591,99,2591,620.0
2592,99,2592,620.0
2593,99,2593,620.0
2594,99,2594,620.0
2595,99,2595,620.0
2596,99,2596,620.0
2597,99,2597,620.0
2598,99,2598,620.0
2599,99,2599,620.0
2600,99,2600,620.0
2601,99,2601,620.0
2602,99,2602,620.0
2603,99,2603,620.0
2604,99,2604,620.0
2605,99,2605,620.0
2606,99,2606,620.0
2607,99,2607,620.0
2608,99,2608,620.0
2609,99,2609,620.0
2610,99,2610,620.0
2611,99,2611,620.0
2612,99,2612,620.0
2613,99,2613,620.0
2614,99,2614,620.0
2615,99,2615,620.0
2616,99,2616,620.0
2617,99,2617,620.0
2618,99,2618,620.0
2619,99,2619,620.0
2620,99,2620,620.0
2621,99,2621,620.0
2622,99,2622,620.0
2623,99,2623,620.0
2624,99,2624,620.0
2625,99,2625,620.0
2626,99,2626,620.0
2627,99,2627,620.0
2628,99,2628,620.0
2629,99,2629,620.0
2630,99,2630,620.0
2631,99,2631,620.0
2632,99,2632,620.0
2633,99,2633,620.0
2634,99,2634,620.0
2635,99,2635,620.0
2636,101,2636,720.0
2637,101,2637,720.0
2638,101,2638,720.0
2639,101,2639,720.0
2640,101,2640,720.0
2641,101,2641,720.0
2642,101,2642,720.0
2643,101,2643,720.0
2644,101,2644,720.0
2645,101,2645,720.0
2646,101,2646,720.0
2647,101,2647,720.0
2648,101,2648,720.0
2649,101,2649,720.0
2650,101,2650,720.0
2651,101,2651,720.0
2652,101,2652,720.0
2653,101,2653,720.0
2654,101,2654,720.0
2655,101,2655,720.0
2656,101,2656,720.0
2657,101,2657,720.0
2658,101,2658,720.0
2659,101,2659,720.0
2660,101,2660,720.0
2661,101,2661,720.0
2662,101,2662,720.0
2663,101,2663,720.0
2664,101,2664,720.0
2665,101,2665,720.0
2666,101,2666,720.0
2667,101,2667,720.0
2668,101,2668,720.0
2669,101,2669,720.0
2670,101,2670,720.0
2671,101,2671,720.0
2672,101,2672,720.0
2673,101,2673,720.0
2674,101,2674,720.0
2675,101,2675,720.0
2676,101,2676,720.0
2677,101,2677,720.0
2678,101,2678,720.0
2679,101,2679,720.0
2680,101,2680,720.0
2681,101,2681,720.0
2682,101,2682,720.0
2683,101,2683,720.0
2684,101,2684,720.0
2685,101,2685,720.0
2686,101,2686,720.0
2687,101,2687,720.0
2688,101,2688,720.0
2689,101,2689,720.0
2690,101,2690,720.0
2691,101,2691,720.0
2692,101,2692,720.0
2693,101,2693,720.0
2694,101,2694,720.0
2695,101,2695,720.0
2696,101,2696,720.0
2697,101,2697,720.0
2698,103,2698,700.0
2699,103,2699,700.0
2700,103,2700,700.0
2701,103,2701,700.0
2702,103,2702,700.0
2703,103,2703,700.0
2704,103,2704,700.0
2705,103,2705,700.0
2706,103,2706,700.0
2707,103,2707,700.0
2708,103,2708,700.0
2709,103,2709,700.0
2710,103,2710,700.0
2711,103,2711,700.0
2712,103,2712,700.0
2713,103,2713,700.0
2714,103,2714,700.0
2715,103,2715,700.0
2716,103,2716,700.0
2717,103,2717,700.0
2718,103,2718,700.0
2719,103,2719,700.0
2720,103,2720,700.0
2721,103,2721,700.0
2722,103,2722,700.0
2723,103,2723,700.0
2724,103,2724,700.0
2725,105,2725,780.0
2726,105,2726,780.0
2727,105,2727,780.0
2728,105,2728,780.0
2729,105,2729,780.0
2730,105,2730,780.0
2731,105,2731,780.0
2732,105,2732,780.0
2733,105,2733,780.0
2734,105,2734,780.0
2735,105,2735,780.0
2736,105,2736,780.0
2737,105,2737,780.0
2738,105,2738,780.0
2739,105,2739,780.0
2740,105,2740,780.0
2741,105,2741,780.0
2742,105,2742,780.0
2743,107,2743,540.0
2744,107,2744,540.0
2745,107,2745,540.0
2746,107,2746,540.0
2747,107,2747,540.0
2748,107,2748,540.0
2749,107,2749,540.0
2750,107,2750,540.0
2751,107,2751,540.0
2752,107,2752,540.0
2753,107,2753,540.0
2754,107,2754,540.0
2755,107,2755,540.0
2756,107,2756,540.0
2757,107,2757,540.0
2758,107,2758,540.0
2759,108,2759,670.0
2760,108,2760,670.0
2761,108,2761,670.0
2762,108,2762,670.0
2763,108,2763,670.0
2764,108,2764,670.0
2765,108,2765,670.0
2766,108,2766,670.0
2767,108,2767,670.0
2768,108,2768,670.0
2769,108,2769,670.0
2770,108,2770,670.0
2771,108,2771,670.0
2772,108,2772,670.0
2773,108,2773,670.0
2774,108,2774,670.0
2775,108,2775,670.0
2776,108,2776,670.0
2777,108,2777,670.0
2778,108,2778,670.0
2779,108,2779,670.0
2780,108,2780,670.0
2781,109,2781,660.0
2782,109,2782,660.0
2783,109,2783,660.0
2784,109,2784,660.0
2785,109,2785,660.0
2786,109,2786,660.0
2787,109,2787,660.0
2788,109,2788,660.0
2789,109,2789,660.0
2790,109,2790,660.0
2791,109,2791,660.0
2792,109,2792,660.0
2793,109,2793,660.0
2794,109,2794,660.0
2795,109,2795,660.0
2796,109,2796,660.0
2797,109,2797,660.0
2798,109,2798,660.0
2799,109,2799,660.0
2800,109,2800,660.0
2801,109,2801,660.0
2802,109,2802,660.0
2803,109,2803,660.0
2804,109,2804,660.0
2805,109,2805,660.0
2806,109,2806,660.0
2807,109,2807,660.0
2808,109,2808,660.0
2809,109,2809,660.0
2810,109,2810,660.0
2811,109,2811,660.0
2812,109,2812,660.0
2813,109,2813,660.0
2814,109,2814,660.0
2815,109,2815,660.0
2816,109,2816,660.0
2817,109,2817,660.0
2818,109,2818,660.0
2819,109,2819,660.0
2820,109,2820,660.0
2821,109,2821,660.0
2822,109,2822,660.0
2823,109,2823,660.0
2824,109,2824,660.0
2825,109,2825,660.0
2826,109,2826,660.0
2827,109,2827,660.0
2828,109,2828,660.0
2829,109,2829,660.0
2830,109,2830,660.0
2831,109,2831,660.0
2832,109,2832,660.0
2833,109,2833,660.0
2834,109,2834,660.0
2835,109,2835,660.0
2836,109,2836,660.0
2837,109,2837,660.0
2838,109,2838,660.0
2839,109,2839,660.0
2840,109,2840,660.0
2841,109,2841,660.0
2842,109,2842,660.0
2843,109,2843,660.0
2844,109,2844,660.0
2845,109,2845,660.0
2846,109,2846,660.0
2847,109,2847,660.0
2848,109,2848,660.0
2849,109,2849,660.0
2850,109,2850,660.0
2851,109,2851,660.0
2852,109,2852,660.0
2853,109,2853,660.0
2854,109,2854,660.0
2855,109,2855,660.0
2856,109,2856,660.0
2857,109,2857,660.0
2858,109,2858,660.0
2859,109,2859,660.0
2860,109,2860,660.0
2861,109,2861,660.0
2862,109,2862,660.0
2863,109,2863,660.0
2864,109,2864,660.0
2865,109,2865,660.0
2866,109,2866,660.0
2867,109,2867,660.0
2868,109,2868,660.0
2869,109,2869,660.0
2870,109,2870,660.0
2871,109,2871,660.0
2872,109,2872,660.0
2873,109,2873,660.0
2874,109,2874,660.0
2875,109,2875,660.0
2876,109,2876,660.0
2877,109,2877,660.0
2878,109,2878,660.0
2879,109,2879,660.0
2880,109,2880,660.0
2881,109,2881,660.0
2882,109,2882,660.0
2883,109,2883,660.0
2884,109,2884,660.0
2885,109,2885,660.0
2886,109,2886,660.0
2887,109,2887,660.0
2888,109,2888,660.0
2889,109,2889,660.0
2890,109,2890,660.0
2891,109,2891,660.0
2892,109,2892,660.0
2893,109,2893,660.0
2894,109,2894,660.0
2895,109,2895,660.0
2896,109,2896,660.0
2897,109,2897,660.0
2898,109,2898,660.0
2899,109,2899,660.0
2900,109,2900,660.0
2901,109,2901,660.0
2902,109,2902,660.0
2903,109,2903,660.0
2904,110,2904,560.0
2905,110,2905,560.0
2906,110,2906,560.0
2907,110,2907,560.0
2908,110,2908,560.0
2909,110,2909,560.0
2910,110,2910,560.0
2911,110,2911,560.0
2912,110,2912,560.0
2913,113,2913,260.0
2914,113,2914,260.0
2915,113,2915,260.0
2916,113,2916,260.0
2917,113,2917,260.0
2918,113,2918,260.0
2919,113,2919,260.0
2920,113,2920,260.0
2921,113,2921,260.0
2922,113,2922,260.0
2923,113,2923,260.0
2924,113,2924,260.0
2925,113,2925,260.0
2926,113,2926,260.0
2927,113,2927,260.0
2928,113,2928,260.0
2929,113,2929,260.0
2930,113,2930,260.0
2931,113,2931,260.0
2932,113,2932,260.0
2933,113,2933,260.0
2934,113,2934,260.0
2935,113,2935,260.0
2936,113,2936,260.0
2937,113,2937,260.0
2938,113,2938,260.0
2939,113,2939,260.0
2940,113,2940,260.0
2941,113,2941,260.0
2942,113,2942,260.0
2943,113,2943,260.0
2944,113,2944,260.0
2945,113,2945,260.0
2946,113,2946,260.0
2947,114,2947,270.0
2948,114,2948,270.0
2949,114,2949,270.0
2950,114,2950,270.0
2951,114,2951,270.0
2952,114,2952,270.0
2953,114,2953,270.0
2954,114,2954,270.0
2955,114,2955,270.0
2956,114,2956,270.0
2957,114,2957,270.0
2958,114,2958,270.0
2959,114,2959,270.0
2960,114,2960,270.0
2961,114,2961,270.0
2962,114,2962,270.0
2963,114,2963,270.0
2964,114,2964,270.0
2965,114,2965,270.0
2966,114,2966,270.0
2967,114,2967,270.0
2968,114,2968,270.0
2969,114,2969,270.0
2970,114,2970,270.0
2971,114,2971,270.0
2972,114,2972,270.0
2973,114,2973,270.0
2974,114,2974,270.0
2975,114,2975,270.0
2976,114,2976,270.0
2977,114,2977,270.0
2978,114,2978,270.0
2979,114,2979,270.0
2980,114,2980,270.0
2981,114,2981,270.0
2982,114,2982,270.0
2983,114,2983,270.0
2984,114,2984,270.0
2985,114,2985,270.0
2986,114,2986,270.0
2987,114,2987,270.0
2988,114,2988,270.0
2989,114,2989,270.0
2990,114,2990,270.0
2991,114,2991,270.0
2992,114,2992,270.0
2993,114,2993,270.0
2994,114,2994,270.0
2995,114,2995,270.0
2996,114,2996,270.0
2997,114,2997,270.0
2998,114,2998,270.0
2999,114,2999,270.0
3000,114,3000,270.0
3001,114,3001,270.0
3002,114,3002,270.0
3003,114,3003,270.0
3004,114,3004,270.0
3005,114,3005,270.0
3006,114,3006,270.0
3007,114,3007,270.0
3008,114,3008,270.0
3009,114,3009,270.0
3010,114,3010,270.0
3011,114,3011,270.0
3012,114,3012,270.0
3013,114,3013,270.0
3014,114,3014,270.0
3015,114,3015,270.0
3016,114,3016,270.0
3017,114,3017,270.0
3018,114,3018,270.0
3019,114,3019,270.0
3020,114,3020,270.0
3021,114,3021,270.0
3022,114,3022,270.0
3023,114,3023,270.0
3024,114,3024,270.0
3025,114,3025,270.0
3026,114,3026,270.0
3027,114,3027,270.0
3028,114,3028,270.0
3029,114,3029,270.0
3030,114,3030,270.0
3031,114,3031,270.0
3032,114,3032,270.0
3033,114,3033,270.0
3034,114,3034,270.0
3035,114,3035,270.0
3036,114,3036,270.0
3037,114,3037,270.0
3038,114,3038,270.0
3039,114,3039,270.0
3040,114,3040,270.0
3041,114,3041,270.0
3042,114,3042,270.0
3043,114,3043,270.0
3044,114,3044,270.0
3045,114,3045,270.0
3046,114,3046,270.0
3047,114,3047,270.0
3048,114,3048,270.0
3049,114,3049,270.0
3050,114,3050,270.0
3051,114,3051,270.0
3052,114,3052,270.0
3053,114,3053,270.0
3054,114,3054,270.0
3055,114,3055,270.0
3056,114,3056,270.0
3057,114,3057,270.0
3058,114,3058,270.0
3059,114,3059,270.0
3060,114,3060,270.0
3061,114,3061,270.0
3062,114,3062,270.0
3063,114,3063,270.0
3064,114,3064,270.0
3065,114,3065,270.0
3066,114,3066,270.0
3067,114,3067,270.0
3068,114,3068,270.0
3069,114,3069,270.0
3070,114,3070,270.0
3071,114,3071,270.0
3072,116,3072,340.0
3073,116,3073,340.0
3074,116,3074,340.0
3075,116,3075,340.0
3076,116,3076,340.0
3077,116,3077,340.0
3078,116,3078,340.0
3079,116,3079,340.0
3080,116,3080,340.0
3081,116,3081,340.0
3082,116,3082,340.0
3083,116,3083,340.0
3084,116,3084,340.0
3085,116,3085,340.0
3086,116,3086,340.0
3087,116,3087,340.0
3088,116,3088,340.0
3089,116,3089,340.0
3090,116,3090,340.0
3091,116,3091,340.0
3092,116,3092,340.0
3093,116,3093,340.0
3094,116,3094,340.0
3095,116,3095,340.0
3096,116,3096,340.0
3097,116,3097,340.0
3098,116,3098,340.0
3099,116,3099,340.0
3100,116,3100,340.0
3101,116,3101,340.0
3102,116,3102,340.0
3103,116,3103,340.0
3104,116,3104,340.0
3105,116,3105,340.0
3106,116,3106,340.0
3107,116,3107,340.0
3108,116,3108,340.0
3109,116,3109,340.0
3110,116,3110,340.0
3111,116,3111,340.0
3112,116,3112,340.0
3113,116,3113,340.0
3114,116,3114,340.0
3115,116,3115,340.0
3116,116,3116,340.0
3117,116,3117,340.0
3118,116,3118,340.0
3119,116,3119,340.0
3120,116,3120,340.0
3121,116,3121,340.0
3122,116,3122,340.0
3123,116,3123,340.0
3124,116,3124,340.0
3125,116,3125,340.0
3126,116,3126,340.0
3127,116,3127,340.0
3128,116,3128,340.0
3129,116,3129,340.0
3130,116,3130,340.0
3131,116,3131,340.0
3132,116,3132,340.0
3133,116,3133,340.0
3134,116,3134,340.0
3135,116,3135,340.0
3136,116,3136,340.0
3137,116,3137,340.0
3138,116,3138,340.0
3139,116,3139,340.0
3140,116,3140,340.0
3141,116,3141,340.0
3142,116,3142,340.0
3143,116,3143,340.0
3144,116,3144,340.0
3145,116,3145,340.0
3146,116,3146,340.0
3147,116,3147,340.0
3148,116,3148,340.0
3149,116,3149,340.0
3150,120,3150,680.0
3151,120,3151,680.0
3152,120,3152,680.0
3153,120,3153,680.0
3154,120,3154,680.0
3155,120,3155,680.0
3156,120,3156,680.0
3157,120,3157,680.0
3158,120,3158,680.0
3159,120,3159,680.0
3160,120,3160,680.0
3161,120,3161,680.0
3162,120,3162,680.0
3163,120,3163,680.0
3164,120,3164,680.0
3165,120,3165,680.0
3166,120,3166,680.0
3167,120,3167,680.0
3168,120,3168,680.0
3169,120,3169,680.0
3170,120,3170,680.0
3171,120,3171,680.0
3172,120,3172,680.0
3173,120,3173,680.0
3174,120,3174,680.0
3175,120,3175,680.0
3176,120,3176,680.0
3177,120,3177,680.0
3178,120,3178,680.0
3179,120,3179,680.0
3180,120,3180,680.0
3181,120,3181,680.0
3182,120,3182,680.0
3183,120,3183,680.0
3184,120,3184,680.0
3185,120,3185,680.0
3186,120,3186,680.0
3187,120,3187,680.0
3188,120,3188,680.0
3189,120,3189,680.0
3190,120,3190,680.0
3191,120,3191,680.0
3192,120,3192,680.0
3193,120,3193,680.0
3194,120,3194,680.0
3195,120,3195,680.0
3196,120,3196,680.0
3197,120,3197,680.0
3198,120,3198,680.0
3199,120,3199,680.0
3200,120,3200,680.0
3201,120,3201,680.0
3202,120,3202,680.0
3203,120,3203,680.0
3204,120,3204,680.0
3205,120,3205,680.0
3206,120,3206,680.0
3207,120,3207,680.0
3208,120,3208,680.0
3209,120,3209,680.0
3210,120,3210,680.0
3211,120,3211,680.0
3212,120,3212,680.0
3213,120,3213,680.0
3214,120,3214,680.0
3215,120,3215,680.0
3216,120,3216,680.0
3217,120,3217,680.0
3218,120,3218,680.0
3219,120,3219,680.0
3220,120,3220,680.0
3221,120,3221,680.0
3222,120,3222,680.0
3223,120,3223,680.0
3224,120,3224,680.0
3225,120,3225,680.0
3226,120,3226,680.0
3227,120,3227,680.0
3228,120,3228,680.0
3229,120,3229,680.0
3230,120,3230,680.0
3231,120,3231,680.0
3232,120,3232,680.0
3233,120,3233,680.0
3234,120,3234,680.0
3235,120,3235,680.0
3236,120,3236,680.0
3237,120,3237,680.0
3238,120,3238,680.0
3239,120,3239,680.0
3240,120,3240,680.0
3241,120,3241,680.0
3242,120,3242,680.0
3243,120,3243,680.0
3244,120,3244,680.0
3245,120,3245,680.0
3246,120,3246,680.0
3247,120,3247,680.0
3248,120,3248,680.0
3249,120,3249,680.0
3250,120,3250,680.0
3251,120,3251,680.0
3252,120,3252,680.0
3253,120,3253,680.0
3254,120,3254,680.0
3255,120,3255,680.0
3256,120,3256,680.0
3257,120,3257,680.0
3258,120,3258,680.0
3259,120,3259,680.0
3260,126,3260,700.0
3261,126,3261,700.0
3262,126,3262,700.0
3263,126,3263,700.0
3264,126,3264,700.0
3265,126,3265,700.0
3266,126,3266,700.0
3267,126,3267,700.0
3268,126,3268,700.0
3269,126,3269,700.0
3270,126,3270,700.0
3271,126,3271,700.0
3272,126,3272,700.0
3273,126,3273,700.0
3274,126,3274,700.0
3275,126,3275,700.0
3276,126,3276,700.0
3277,126,3277,700.0
3278,126,3278,700.0
3279,126,3279,700.0
3280,126,3280,700.0
3281,126,3281,700.0
3282,126,3282,700.0
3283,126,3283,700.0
3284,126,3284,700.0
3285,126,3285,700.0
3286,126,3286,700.0
3287,126,3287,700.0
3288,126,3288,700.0
3289,126,3289,700.0
3290,126,3290,700.0
3291,126,3291,700.0
3292,126,3292,700.0
3293,126,3293,700.0
3294,126,3294,700.0
3295,126,3295,700.0
3296,126,3296,700.0
3297,126,3297,700.0
3298,126,3298,700.0
3299,126,3299,700.0
3300,126,3300,700.0
3301,126,3301,700.0
3302,126,3302,700.0
3303,126,3303,700.0
3304,126,3304,700.0
3305,126,3305,700.0
3306,126,3306,700.0
3307,126,3307,700.0
3308,126,3308,700.0
3309,126,3309,700.0
3310,126,3310,700.0
3311,126,3311,700.0
3312,126,3312,700.0
3313,126,3313,700.0
3314,126,3314,700.0
3315,128,3315,550.0
3316,128,3316,550.0
3317,128,3317,550.0
3318,129,3318,720.0
3319,129,3319,720.0
3320,129,3320,720.0
3321,129,3321,720.0
3322,129,3322,720.0
3323,129,3323,720.0
3324,129,3324,720.0
3325,129,3325,720.0
3326,130,3326,560.0
3327,130,3327,560.0
3328,130,3328,560.0
3329,130,3329,560.0
3330,133,3330,780.0
3331,133,3331,780.0
3332,133,3332,780.0
3333,133,3333,780.0
3334,133,3334,780.0
3335,133,3335,780.0
3336,133,3336,780.0
3337,133,3337,780.0
3338,133,3338,780.0
3339,133,3339,780.0
3340,133,3340,780.0
3341,133,3341,780.0
